{"cameraMode":{"drawMode":2,"name":"Shaded Wireframe","section":"Shading Mode"},"sceneLighting":true,"audioPlay":false,"sceneViewState":{"showFog":true,"showMaterialUpdate":true,"showSkybox":true,"showFlares":true,"showImageEffects":true,"showParticleSystems":true},"in2DMode":false,"pivot":{"x":-3.3388047218322756,"y":2.4560914039611818,"z":6.6897406578063969},"rotation":{"x":0.004911084193736315,"y":0.6683430671691895,"z":0.004412251524627209,"w":-0.7438239455223084},"size":11.1172456741333,"orthographic":false}